ciel_uuid,nombre_es,categoria,severidad,aplica_0_14,aplica_15_29,aplica_30_44,aplica_45_64,aplica_65mas,peso_M,peso_F,requiere_lab,requiere_rx,requiere_examen_clinico,clima,cronica,comun,vital_fiebre,vital_imc,sexo,vital_pa,vital_fc,vital_spo2,ambito
10AAAAAAAAAAAAAAAAAAAAAAAAAAAAAAAAAA,Bronquitis aguda,respiratorio,leve,true,true,true,true,true,12,12,false,true,true,invierno,false,true,,,,,,,clinica
110508AAAAAAAAAAAAAAAAAAAAAAAAAAAAAA,Neurocisticercosis,neurologico,grave,false,true,true,true,false,10,10,false,false,false,,false,false,,,,,,,clinica
110702AAAAAAAAAAAAAAAAAAAAAAAAAAAAAA,Hipertrofia Prostática Benigna con Retención Urinaria,urologico,leve,true,true,true,true,true,4,4,false,true,false,,false,false,,,M,,,,clinica
110929AAAAAAAAAAAAAAAAAAAAAAAAAAAAAA,Celulitis,infeccioso,moderado,true,true,true,true,true,10,10,false,true,false,verano,false,true,true,,,,,,clinica
110987AAAAAAAAAAAAAAAAAAAAAAAAAAAAAA,Trastorno bipolar,salud_mental,grave,false,true,true,false,false,10,10,false,true,false,,true,false,,,,,,,clinica
111000AAAAAAAAAAAAAAAAAAAAAAAAAAAAAA,Insuficiencia cardíaca,cardiovascular,grave,false,false,false,true,true,10,10,true,true,true,,true,false,,,,,,baja,clinica
111103AAAAAAAAAAAAAAAAAAAAAAAAAAAAAA,Accidente cerebrovascular hemorrágico,cardiovascular,grave,false,false,false,true,true,10,10,false,false,false,,false,false,,,,,,,referencia
111167AAAAAAAAAAAAAAAAAAAAAAAAAAAAAA,Hiperémesis gravídica,ginecoobstetrico,moderado,false,true,true,false,false,10,10,false,false,false,,false,true,,,,,,,referencia
111177AAAAAAAAAAAAAAAAAAAAAAAAAAAAAA,Micosis superficial (tiña/dermatofitosis),infeccioso,leve,true,true,true,true,true,10,10,false,false,false,lluvia,false,true,,,,,,,clinica
111459AAAAAAAAAAAAAAAAAAAAAAAAAAAAAA,Vitiligo,dermatologico,leve,false,true,true,false,false,10,10,false,false,false,,true,true,,,,,,,clinica
111525AAAAAAAAAAAAAAAAAAAAAAAAAAAAAA,Vertigo,neurologico,leve,false,true,true,true,true,8,12,false,true,false,,false,true,,,,,,,clinica
111633AAAAAAAAAAAAAAAAAAAAAAAAAAAAAA,Infección urinaria (cistitis),urologico,leve,true,true,true,true,true,12,25,true,true,false,,false,true,,,,,,,clinica
111639AAAAAAAAAAAAAAAAAAAAAAAAAAAAAA,Uretritis,urologico,leve,false,true,true,false,false,6,5,false,true,false,,false,false,,,,,,,clinica
111759AAAAAAAAAAAAAAAAAAAAAAAAAAAAAA,Hepatitis viral B,infeccioso,grave,false,true,true,true,true,10,10,true,false,false,,true,false,,,,,,,clinica
112141AAAAAAAAAAAAAAAAAAAAAAAAAAAAAA,Tuberculosis,infeccioso,grave,true,true,true,true,true,10,10,true,true,false,,true,false,,bajo,,,,,clinica
112385AAAAAAAAAAAAAAAAAAAAAAAAAAAAAA,Tiroiditis,endocrino,leve,false,true,true,false,false,10,10,false,false,false,,false,true,,,,,,,clinica
112412AAAAAAAAAAAAAAAAAAAAAAAAAAAAAA,Conducta suicida / autolesión,salud_mental,grave,false,true,false,false,false,10,10,false,false,false,,false,false,,,,,,,referencia
112415AAAAAAAAAAAAAAAAAAAAAAAAAAAAAA,Amenaza de aborto,ginecoobstetrico,moderado,false,true,true,false,false,0,8,true,false,true,,false,true,,,F,,,,clinica
112476AAAAAAAAAAAAAAAAAAAAAAAAAAAAAA,Lupus eritematoso sistémico,osteomuscular,grave,false,true,true,false,false,10,10,false,false,false,,true,false,,,,,,,clinica
112492AAAAAAAAAAAAAAAAAAAAAAAAAAAAAA,Sífilis,infeccioso,moderado,false,true,true,true,false,10,10,false,false,false,,false,true,,,,,,,clinica
112583AAAAAAAAAAAAAAAAAAAAAAAAAAAAAA,Quemadura solar,dermatologico,leve,true,true,true,true,false,8,7,false,true,false,verano,false,true,,,,,,,clinica
112770AAAAAAAAAAAAAAAAAAAAAAAAAAAAAA,Esguince,osteomuscular,leve,true,true,true,true,true,15,15,false,true,false,,false,true,,,,,,,clinica
112874AAAAAAAAAAAAAAAAAAAAAAAAAAAAAA,Trastorno somatomorfo,salud_mental,leve,false,true,true,true,false,10,10,false,false,false,,true,true,,,,,,,clinica
112959AAAAAAAAAAAAAAAAAAAAAAAAAAAAAA,Obesidad,endocrino,leve,true,true,true,true,true,15,15,false,false,true,,true,true,,bajo,,,,,clinica
112AAAAAAAAAAAAAAAAAAAAAAAAAAAAAAAAA,Amigdalitis recurrente,respiratorio,leve,true,true,false,false,false,10,10,false,false,false,invierno,false,true,,,,,,,clinica
113114AAAAAAAAAAAAAAAAAAAAAAAAAAAAAA,Dermatitis seborreica,dermatologico,leve,false,true,true,true,true,10,10,false,true,false,,true,true,,,,,,,clinica
113155AAAAAAAAAAAAAAAAAAAAAAAAAAAAAA,Esquizofrenia,salud_mental,grave,false,true,true,true,false,4,3,false,true,false,,true,false,,,,,,,clinica
113171AAAAAAAAAAAAAAAAAAAAAAAAAAAAAA,Gastroenteritis por Salmonella,digestivo,leve,true,true,true,true,true,4,4,false,true,false,,false,false,,,,,,,clinica
113205AAAAAAAAAAAAAAAAAAAAAAAAAAAAAA,Rubéola,infeccioso,leve,true,false,false,false,false,10,10,false,false,false,,false,true,,,,,,,clinica
113207AAAAAAAAAAAAAAAAAAAAAAAAAAAAAA,Hombro doloroso (síndrome de manguito),osteomuscular,moderado,false,false,true,true,true,10,10,false,false,false,,true,true,,,,,,,clinica
113237AAAAAAAAAAAAAAAAAAAAAAAAAAAAAA,Valvulopatía reumática,cardiovascular,grave,false,true,true,false,false,10,10,false,false,false,,true,false,,,,,,,clinica
113555AAAAAAAAAAAAAAAAAAAAAAAAAAAAAA,Trastorno por consumo de sustancias,salud_mental,grave,false,true,true,false,false,10,10,false,false,false,,true,false,,,,,,,clinica
113588AAAAAAAAAAAAAAAAAAAAAAAAAAAAAA,Prostatitis,urologico,moderado,false,false,true,true,false,10,10,false,true,false,,false,true,,,M,,,,clinica
113753AAAAAAAAAAAAAAAAAAAAAAAAAAAAAA,Cáncer de mama,ginecoobstetrico,grave,false,false,false,true,false,10,10,false,false,false,,true,false,,bajo,F,,,,clinica
113809AAAAAAAAAAAAAAAAAAAAAAAAAAAAAA,Neumonía atípica,respiratorio,moderado,false,true,true,true,false,10,10,false,false,false,invierno,false,true,,,,,,,clinica
113828AAAAAAAAAAAAAAAAAAAAAAAAAAAAAA,Bursitis prerrotuliana,osteomuscular,leve,true,true,true,true,true,4,4,false,true,false,,false,false,,,,,,,clinica
113881AAAAAAAAAAAAAAAAAAAAAAAAAAAAAA,Trastorno por estres postraumatico,salud_mental,moderado,false,true,true,true,false,6,8,false,true,false,,true,true,,,,,,,clinica
114100AAAAAAAAAAAAAAAAAAAAAAAAAAAAAA,Neumonía adquirida en comunidad,respiratorio,grave,true,true,true,true,true,10,10,true,true,true,invierno,false,false,,,,,,,clinica
114108AAAAAAAAAAAAAAAAAAAAAAAAAAAAAA,Derrame pleural,respiratorio,grave,false,false,true,true,true,3,3,true,false,true,,false,false,,,,,,,referencia
114182AAAAAAAAAAAAAAAAAAAAAAAAAAAAAA,Intoxicación por plaguicidas,trauma,grave,false,true,true,false,false,10,10,false,false,false,,false,false,,,,,,,referencia
114190AAAAAAAAAAAAAAAAAAAAAAAAAAAAAA,Tos ferina (pertussis),infeccioso,grave,true,false,false,false,false,10,10,false,false,false,,false,false,,,,,,,clinica
114207AAAAAAAAAAAAAAAAAAAAAAAAAAAAAA,Vértigo periférico,neurologico,leve,false,false,true,true,true,10,10,false,false,false,,false,true,,,,,,,clinica
114230AAAAAAAAAAAAAAAAAAAAAAAAAAAAAA,Enfermedad arterial periférica,cardiovascular,moderado,false,false,false,true,true,10,10,false,false,false,,true,true,,,,,,,clinica
114262AAAAAAAAAAAAAAAAAAAAAAAAAAAAAA,Úlcera péptica,digestivo,moderado,false,false,true,true,true,10,10,false,false,false,,true,true,,,,,,,clinica
114662AAAAAAAAAAAAAAAAAAAAAAAAAAAAAA,Osteoporosis,osteomuscular,leve,false,false,false,true,true,3,12,true,true,false,,true,true,,,,,,,clinica
114702AAAAAAAAAAAAAAAAAAAAAAAAAAAAAA,Osteoartrosis,osteomuscular,moderado,false,false,true,true,true,18,20,false,true,true,,true,true,,,,,,,clinica
114731AAAAAAAAAAAAAAAAAAAAAAAAAAAAAA,Orquitis / epididimitis,urologico,moderado,false,true,true,false,false,10,10,false,false,false,,false,true,,,M,,,,clinica
114795AAAAAAAAAAAAAAAAAAAAAAAAAAAAAA,Herida abierta,trauma,leve,true,true,true,true,true,18,12,false,true,true,,false,true,,,,,,,clinica
115147AAAAAAAAAAAAAAAAAAAAAAAAAAAAAA,Dispepsia funcional,digestivo,leve,false,true,true,true,true,10,10,false,false,false,,true,true,,,,,,,clinica
115223AAAAAAAAAAAAAAAAAAAAAAAAAAAAAA,Retinopatía diabética no proliferativa,diabetes,leve,true,true,true,true,true,4,4,false,true,false,,true,false,,,,,,,clinica
115277AAAAAAAAAAAAAAAAAAAAAAAAAAAAAA,Vejiga neurogénica,urologico,moderado,false,false,true,true,true,10,10,false,false,false,,true,true,,,,,,,clinica
115303AAAAAAAAAAAAAAAAAAAAAAAAAAAAAA,Síndrome nefrótico,urologico,grave,true,true,false,false,false,10,10,false,false,false,,true,false,,,,,,,clinica
115779AAAAAAAAAAAAAAAAAAAAAAAAAAAAAA,Migrana,neurologico,moderado,false,true,true,true,false,10,20,false,true,false,,true,true,,,,,,,clinica
115822AAAAAAAAAAAAAAAAAAAAAAAAAAAAAA,Otros trastornos menopáusicos y posmenopáusicos especificados,ginecoobstetrico,leve,false,true,true,true,true,0,5,false,true,false,,false,false,,,F,,,,clinica
116225AAAAAAAAAAAAAAAAAAAAAAAAAAAAAA,Lumbalgia,osteomuscular,leve,false,true,true,true,true,20,20,false,true,false,,false,true,,,,,,,clinica
116341AAAAAAAAAAAAAAAAAAAAAAAAAAAAAA,Leptospirosis,infeccioso,grave,false,true,true,true,false,5,3,true,true,false,lluvia,false,false,,,,,,,clinica
116344AAAAAAAAAAAAAAAAAAAAAAAAAAAAAA,Lepra (enfermedad de Hansen),infeccioso,grave,false,true,true,true,false,10,10,false,false,false,,true,false,,,,,,,clinica
116500AAAAAAAAAAAAAAAAAAAAAAAAAAAAAA,Litiasis renal (urolitiasis),urologico,moderado,false,false,true,true,false,10,10,true,true,false,verano,true,true,,,,,,,clinica
116543AAAAAAAAAAAAAAAAAAAAAAAAAAAAAA,Quemadura,trauma,moderado,true,true,true,true,true,10,10,false,true,true,,false,true,,,,,,,clinica
116632AAAAAAAAAAAAAAAAAAAAAAAAAAAAAA,Crisis asmática,respiratorio,grave,true,true,true,true,true,10,10,false,false,false,invierno,false,false,,,,,,,referencia
116675AAAAAAAAAAAAAAAAAAAAAAAAAAAAAA,Hemorragia intracraneal,neurologico,grave,false,false,true,true,true,3,3,true,true,true,,false,false,,,,,alta,,referencia
116699AAAAAAAAAAAAAAAAAAAAAAAAAAAAAA,Parasitosis intestinal (geohelmintiasis),infeccioso,leve,true,true,true,false,false,18,18,false,true,false,verano,false,true,,,,,,,clinica
116743AAAAAAAAAAAAAAAAAAAAAAAAAAAAAA,Insomnio,salud_mental,leve,false,true,true,true,true,12,14,false,true,false,,false,true,,,,,,,clinica
116838AAAAAAAAAAAAAAAAAAAAAAAAAAAAAA,Traumatismo craneoencefálico,trauma,grave,false,true,true,false,false,10,10,true,false,true,,false,false,,,,,,,referencia
116954AAAAAAAAAAAAAAAAAAAAAAAAAAAAAA,Hernia inguinal,digestivo,moderado,true,true,true,true,true,10,10,false,false,false,,true,true,,,,,,,clinica
116958AAAAAAAAAAAAAAAAAAAAAAAAAAAAAA,Influenza (gripe),respiratorio,moderado,true,true,true,true,true,40,40,false,true,false,invierno,false,true,,,,,,,clinica
117299AAAAAAAAAAAAAAAAAAAAAAAAAAAAAA,Neuropatía periférica,neurologico,moderado,false,false,true,true,true,10,10,false,false,false,,true,true,,,,,,,clinica
117321AAAAAAAAAAAAAAAAAAAAAAAAAAAAAA,Hipotiroidismo,endocrino,moderado,false,false,true,true,true,5,18,true,true,false,,true,true,,alto,,,baja,,clinica
117346AAAAAAAAAAAAAAAAAAAAAAAAAAAAAA,Hipogonadismo,endocrino,leve,false,false,true,true,true,10,10,false,false,false,,true,true,,,,,,,clinica
117386AAAAAAAAAAAAAAAAAAAAAAAAAAAAAA,Cardiopatía hipertensiva,cardiovascular,grave,false,false,false,true,true,10,10,false,false,false,,true,false,,,,,,,clinica
117398AAAAAAAAAAAAAAAAAAAAAAAAAAAAAA,Hipertension arterial,cardiovascular,moderado,false,false,true,true,true,28,22,true,true,true,,true,true,,,,,,,clinica
117431AAAAAAAAAAAAAAAAAAAAAAAAAAAAAA,Deficiencia de vitamina D,endocrino,leve,true,true,true,true,true,10,10,false,false,false,,false,true,,,,,,,clinica
117542AAAAAAAAAAAAAAAAAAAAAAAAAAAAAA,Herpes zóster en la región de la rodilla,dermatologico,leve,true,true,true,true,true,4,4,false,true,false,,false,false,,,,,,,clinica
117543AAAAAAAAAAAAAAAAAAAAAAAAAAAAAA,Herpes zóster,dermatologico,moderado,false,false,false,true,true,10,10,false,true,false,,false,true,,,,,,,clinica
117762AAAAAAAAAAAAAAAAAAAAAAAAAAAAAA,Gota,osteomuscular,moderado,false,false,true,true,true,8,3,true,true,false,,true,true,,,,,,,clinica
117767AAAAAAAAAAAAAAAAAAAAAAAAAAAAAA,Gonorrea,infeccioso,moderado,false,true,true,false,false,10,10,false,false,false,,false,true,,,,,,,clinica
117772AAAAAAAAAAAAAAAAAAAAAAAAAAAAAA,Bocio,endocrino,leve,false,true,true,true,true,3,6,false,true,false,,true,false,,,,,,,clinica
117889AAAAAAAAAAAAAAAAAAAAAAAAAAAAAA,Gastroenteritis aguda (EDA),digestivo,moderado,true,true,true,true,true,42,42,false,true,false,"verano,lluvia",false,true,,,,,,,clinica
117972AAAAAAAAAAAAAAAAAAAAAAAAAAAAAA,Fractura de miembro superior,trauma,moderado,true,true,true,true,true,10,10,false,false,false,,false,true,,,,,,,clinica
118102AAAAAAAAAAAAAAAAAAAAAAAAAAAAAA,Cuerpo extraño en vía aérea,trauma,grave,true,false,false,false,false,10,10,false,false,false,,false,false,,,,,,,referencia
118349AAAAAAAAAAAAAAAAAAAAAAAAAAAAAA,Caída de altura,trauma,grave,false,true,true,false,false,10,10,false,false,false,,false,false,,,,,,,referencia
118567AAAAAAAAAAAAAAAAAAAAAAAAAAAAAA,Epiglotitis,respiratorio,grave,true,false,false,false,false,10,10,false,false,false,,false,false,,,,,,,referencia
118631AAAAAAAAAAAAAAAAAAAAAAAAAAAAAA,Endometriosis,ginecoobstetrico,moderado,false,true,true,false,false,10,10,false,true,false,,true,true,,,F,,,,clinica
118738AAAAAAAAAAAAAAAAAAAAAAAAAAAAAA,Eclampsia durante el embarazo,ginecoobstetrico,grave,false,true,true,true,true,0,5,true,true,true,,false,false,,,F,alta,,,referencia
118744AAAAAAAAAAAAAAAAAAAAAAAAAAAAAA,Eclampsia,ginecoobstetrico,grave,false,true,true,false,false,0,3,true,true,true,,false,false,,,F,alta,,,referencia
118762AAAAAAAAAAAAAAAAAAAAAAAAAAAAAA,Trastorno de la conducta alimentaria,salud_mental,grave,false,true,false,false,false,10,10,false,false,false,,true,false,,,,,,,clinica
118793AAAAAAAAAAAAAAAAAAAAAAAAAAAAAA,Dismenorrea,ginecoobstetrico,leve,false,true,true,false,false,0,22,false,true,false,,false,true,,,F,,,,clinica
119392AAAAAAAAAAAAAAAAAAAAAAAAAAAAAA,Enfermedad de Chagas crónica,infeccioso,grave,false,true,true,true,false,10,10,false,false,false,,true,false,,,,,,,clinica
119429AAAAAAAAAAAAAAAAAAAAAAAAAAAAAA,Enfermedad diarreica aguda infecciosa,infeccioso,moderado,true,true,true,true,true,10,10,false,false,false,verano,false,true,,,,,,,clinica
119441AAAAAAAAAAAAAAAAAAAAAAAAAAAAAA,Cetoacidosis diabética,diabetes,grave,true,true,true,true,true,10,10,true,true,true,,false,false,,,,,,,referencia
119481AAAAAAAAAAAAAAAAAAAAAAAAAAAAAA,Diabetes mellitus tipo 2,diabetes,moderado,false,false,true,true,true,25,25,true,true,true,,true,true,,,,,,,clinica
119506AAAAAAAAAAAAAAAAAAAAAAAAAAAAAA,Tiña corporal (dermatofitosis),dermatologico,leve,true,true,true,true,true,10,10,false,false,false,lluvia,false,true,,,,,,,clinica
119513AAAAAAAAAAAAAAAAAAAAAAAAAAAAAA,Dermatitis herpetiforme,dermatologico,leve,true,true,true,true,true,4,4,false,true,false,,false,false,,,,,,,clinica
119536AAAAAAAAAAAAAAAAAAAAAAAAAAAAAA,Trastorno depresivo mayor,salud_mental,moderado,false,true,true,true,true,12,20,false,true,true,,true,true,,,,,,,clinica
119566AAAAAAAAAAAAAAAAAAAAAAAAAAAAAA,Demencia,neurologico,grave,false,false,false,false,true,10,10,false,true,true,,true,false,,,,,,,clinica
119685AAAAAAAAAAAAAAAAAAAAAAAAAAAAAA,Cistitis,urologico,leve,false,true,true,true,true,8,18,false,true,false,,false,true,,,,,,,clinica
119702AAAAAAAAAAAAAAAAAAAAAAAAAAAAAA,Quiste ovárico,ginecoobstetrico,leve,false,true,true,false,false,10,10,false,false,false,,false,true,,,F,,,,clinica
119868AAAAAAAAAAAAAAAAAAAAAAAAAAAAAA,Contusion,trauma,leve,true,true,true,true,true,14,12,false,true,false,,false,true,,,,,,,clinica
119895AAAAAAAAAAAAAAAAAAAAAAAAAAAAAA,Dermatitis de contacto,dermatologico,leve,true,true,true,true,true,14,16,false,true,false,,false,true,,,,,,,clinica
119905AAAAAAAAAAAAAAAAAAAAAAAAAAAAAA,Conjuntivitis,infeccioso,leve,true,true,true,true,true,18,18,false,true,false,verano,false,true,,,,,,,clinica
120148AAAAAAAAAAAAAAAAAAAAAAAAAAAAAA,Arritmia cardíaca,cardiovascular,moderado,false,true,true,true,true,10,10,true,true,false,,true,true,,,,,alta,,clinica
120338AAAAAAAAAAAAAAAAAAAAAAAAAAAAAA,Cefalea en racimos,neurologico,moderado,false,false,true,false,false,10,10,false,false,false,,true,true,,,,,,,clinica
120466AAAAAAAAAAAAAAAAAAAAAAAAAAAAAA,Fractura de cadera,trauma,grave,false,false,false,false,true,10,10,false,false,false,,false,false,,,,,,,referencia
120514AAAAAAAAAAAAAAAAAAAAAAAAAAAAAA,Fractura cerrada de tobillo,trauma,moderado,false,true,true,true,true,10,10,true,true,true,,false,true,,,,,,,clinica
120563AAAAAAAAAAAAAAAAAAAAAAAAAAAAAA,Sinusitis crónica,respiratorio,moderado,true,true,true,true,true,4,4,false,true,false,,true,false,,,,,,,clinica
120574AAAAAAAAAAAAAAAAAAAAAAAAAAAAAA,Enfermedad renal crónica (general),urologico,grave,false,false,false,true,true,10,10,true,true,false,,true,false,,,,alta,,,clinica
120626AAAAAAAAAAAAAAAAAAAAAAAAAAAAAA,Cardiopatía isquémica crónica (angina),cardiovascular,grave,false,false,false,true,true,10,10,false,false,false,,true,false,,,,,,,clinica
120728AAAAAAAAAAAAAAAAAAAAAAAAAAAAAA,Clamidiasis,infeccioso,leve,false,true,true,false,false,10,10,false,false,false,,false,true,,,,,,,clinica
120743AAAAAAAAAAAAAAAAAAAAAAAAAAAAAA,Chikungunya,infeccioso,moderado,true,true,true,true,true,10,10,false,false,false,lluvia,false,true,,,,,,,clinica
120751AAAAAAAAAAAAAAAAAAAAAAAAAAAAAA,Trauma de tórax,trauma,grave,false,true,true,false,false,10,10,false,false,false,,false,false,,,,,,,referencia
120939AAAAAAAAAAAAAAAAAAAAAAAAAAAAAA,Candidiasis,infeccioso,leve,true,true,true,true,true,10,10,false,false,false,,false,true,,,,,,,clinica
121005AAAAAAAAAAAAAAAAAAAAAAAAAAAAAA,Brucelosis,infeccioso,moderado,false,true,true,true,false,10,10,false,false,false,,false,true,,,,,,,clinica
121009AAAAAAAAAAAAAAAAAAAAAAAAAAAAAA,Bronquiolitis (VRS),respiratorio,moderado,true,false,false,false,false,12,12,false,true,true,invierno,false,true,,,,,,,clinica
121011AAAAAAAAAAAAAAAAAAAAAAAAAAAAAA,Bronquiectasias,respiratorio,grave,false,false,false,true,true,10,10,false,false,false,,true,false,,,,,,,clinica
121164AAAAAAAAAAAAAAAAAAAAAAAAAAAAAA,Hiperplasia prostática benigna,urologico,moderado,false,false,false,true,true,10,10,false,true,false,,true,true,,,M,,,,clinica
121255AAAAAAAAAAAAAAAAAAAAAAAAAAAAAA,Meningitis bacteriana,infeccioso,grave,true,true,true,false,false,3,3,true,true,true,,false,false,true,,,,,,referencia
121375AAAAAAAAAAAAAAAAAAAAAAAAAAAAAA,Asma bronquial,respiratorio,moderado,true,true,true,true,true,8,10,false,true,true,invierno,true,true,,,,,,,clinica
121534AAAAAAAAAAAAAAAAAAAAAAAAAAAAAA,Aneurisma aórtico,cardiovascular,grave,false,false,false,true,true,10,10,false,false,false,,true,false,,,,,,,clinica
121540AAAAAAAAAAAAAAAAAAAAAAAAAAAAAA,Trastorno de ansiedad,salud_mental,moderado,false,true,true,true,true,14,22,false,true,false,,true,true,,,,,,,clinica
121570AAAAAAAAAAAAAAAAAAAAAAAAAAAAAA,Trombosis venosa profunda,cardiovascular,grave,false,false,true,true,true,10,10,false,false,false,,false,false,,,,,,,referencia
121610AAAAAAAAAAAAAAAAAAAAAAAAAAAAAA,Angor,cardiovascular,leve,true,true,true,true,true,4,4,false,true,false,,false,false,,,,,,,clinica
121629AAAAAAAAAAAAAAAAAAAAAAAAAAAAAA,Anemia,endocrino,leve,false,true,true,false,false,10,10,false,true,false,,false,true,,,F,,alta,,clinica
121692AAAAAAAAAAAAAAAAAAAAAAAAAAAAAA,Rinitis alergica,respiratorio,leve,true,true,true,true,true,16,16,false,true,false,seca,true,true,,,,,,,clinica
121712AAAAAAAAAAAAAAAAAAAAAAAAAAAAAA,Trastorno por consumo de alcohol,salud_mental,moderado,false,true,true,true,true,12,4,true,true,false,,true,true,,,,,,,clinica
121792AAAAAAAAAAAAAAAAAAAAAAAAAAAAAA,Trastorno de adaptación,salud_mental,leve,false,true,true,true,false,10,10,false,false,false,,false,true,,,,,,,clinica
121832AAAAAAAAAAAAAAAAAAAAAAAAAAAAAA,Sinusitis aguda,respiratorio,leve,false,true,true,true,false,12,14,false,true,false,invierno,false,true,,,,,,,clinica
121846AAAAAAAAAAAAAAAAAAAAAAAAAAAAAA,Insuficiencia respiratoria aguda,respiratorio,grave,false,false,false,true,true,10,10,false,false,false,,false,false,,,,,,,referencia
121852AAAAAAAAAAAAAAAAAAAAAAAAAAAAAA,Insuficiencia renal aguda,urologico,grave,true,true,true,true,true,10,10,false,false,false,verano,false,false,,,,alta,,,referencia
121875AAAAAAAAAAAAAAAAAAAAAAAAAAAAAA,Pericarditis aguda,cardiovascular,moderado,false,true,true,false,false,10,10,false,false,false,,false,true,,,,,,,clinica
121958AAAAAAAAAAAAAAAAAAAAAAAAAAAAAA,Infarto agudo de miocardio,cardiovascular,grave,false,false,true,true,true,5,3,true,true,true,,false,false,,,,,,,referencia
122041AAAAAAAAAAAAAAAAAAAAAAAAAAAAAA,Glomerulonefritis aguda,urologico,grave,true,true,false,false,false,10,10,false,false,false,,false,false,,,,alta,,,referencia
122101AAAAAAAAAAAAAAAAAAAAAAAAAAAAAA,Colecistitis aguda,digestivo,grave,false,false,true,true,true,5,8,true,true,true,,false,false,true,,,,,,referencia
122518AAAAAAAAAAAAAAAAAAAAAAAAAAAAAA,Meningitis viral,infeccioso,grave,true,true,true,true,true,10,10,true,true,true,,false,false,true,,,,,,referencia
122657AAAAAAAAAAAAAAAAAAAAAAAAAAAAAA,Neumotórax,respiratorio,grave,false,true,true,false,false,10,10,false,false,false,,false,false,,,,,,,referencia
1226AAAAAAAAAAAAAAAAAAAAAAAAAAAAAAAA,Anemia ferropenica,endocrino,leve,true,true,true,true,true,8,16,true,true,false,,false,true,,,,,alta,,clinica
122733AAAAAAAAAAAAAAAAAAAAAAAAAAAAAA,Fisura anal,digestivo,leve,false,true,true,false,false,10,10,false,false,false,,false,true,,,,,,,clinica
122746AAAAAAAAAAAAAAAAAAAAAAAAAAAAAA,Zika,infeccioso,leve,true,true,true,true,true,10,10,false,false,false,lluvia,false,true,,,,,,,clinica
123107AAAAAAAAAAAAAAAAAAAAAAAAAAAAAA,Hepatitis viral A,infeccioso,moderado,true,true,true,false,false,10,10,true,false,false,"verano,lluvia",false,true,,,,,,,clinica
123153AAAAAAAAAAAAAAAAAAAAAAAAAAAAAA,Politraumatismo por accidente de tránsito,trauma,grave,false,true,true,false,false,10,10,false,false,false,,false,false,,,,,,,referencia
123356AAAAAAAAAAAAAAAAAAAAAAAAAAAAAA,Várices de miembros inferiores,cardiovascular,leve,false,false,true,true,true,10,10,false,false,false,,true,true,,,,,,,clinica
123384AAAAAAAAAAAAAAAAAAAAAAAAAAAAAA,Tricomoniasis,ginecoobstetrico,leve,false,true,true,false,false,10,10,false,false,false,,false,true,,,,,,,clinica
123455AAAAAAAAAAAAAAAAAAAAAAAAAAAAAA,Miomatosis uterina,ginecoobstetrico,moderado,false,false,true,false,false,10,10,false,false,false,,true,true,,,F,,,,clinica
123468AAAAAAAAAAAAAAAAAAAAAAAAAAAAAA,Urticaria,dermatologico,leve,true,true,true,true,true,12,14,false,true,false,,false,true,,,,,,,clinica
123491AAAAAAAAAAAAAAAAAAAAAAAAAAAAAA,Infección urinaria en el embarazo,ginecoobstetrico,leve,false,true,true,false,false,10,10,false,true,false,,false,true,,,F,,,,clinica
123569AAAAAAAAAAAAAAAAAAAAAAAAAAAAAA,Hemorragia digestiva alta,digestivo,grave,false,false,false,true,true,10,10,false,false,false,,false,false,,,,,alta,,referencia
123583AAAAAAAAAAAAAAAAAAAAAAAAAAAAAA,Verrugas virales,dermatologico,leve,true,true,false,false,false,10,10,false,false,false,,false,true,,,,,,,clinica
124637AAAAAAAAAAAAAAAAAAAAAAAAAAAAAA,Tiña pedis (pie de atleta),dermatologico,leve,false,true,true,true,true,10,10,false,true,false,lluvia,false,true,,,,,,,clinica
124650AAAAAAAAAAAAAAAAAAAAAAAAAAAAAA,Tina (dermatofitosis),dermatologico,leve,true,true,true,true,true,12,10,false,true,false,verano,false,true,,,,,,,clinica
124992AAAAAAAAAAAAAAAAAAAAAAAAAAAAAA,Tendinitis,osteomuscular,leve,false,true,true,true,true,10,10,false,true,false,,false,true,,,,,,,clinica
125166AAAAAAAAAAAAAAAAAAAAAAAAAAAAAA,Síncope cardiogénico,cardiovascular,moderado,false,false,false,true,true,10,10,false,false,false,,false,true,,,,,,,clinica
125943AAAAAAAAAAAAAAAAAAAAAAAAAAAAAA,Estado epiléptico,neurologico,grave,true,true,true,true,true,10,10,true,true,true,,false,false,,,,,,,referencia
125971AAAAAAAAAAAAAAAAAAAAAAAAAAAAAA,Angina de pecho estable,cardiovascular,grave,false,false,false,true,true,6,5,false,true,true,,true,false,,,,,,,clinica
126055AAAAAAAAAAAAAAAAAAAAAAAAAAAAAA,Esguince de tobillo,osteomuscular,leve,true,true,true,true,true,10,10,false,false,false,,false,true,,,,,,,clinica
126072AAAAAAAAAAAAAAAAAAAAAAAAAAAAAA,Hipoglucemia,diabetes,moderado,true,true,true,true,true,5,5,false,true,false,,false,false,,,,,,,clinica
126127AAAAAAAAAAAAAAAAAAAAAAAAAAAAAA,Aborto espontáneo,ginecoobstetrico,moderado,false,true,true,false,false,10,10,true,true,true,,false,true,,,F,,,,referencia
126294AAAAAAAAAAAAAAAAAAAAAAAAAAAAAA,Urticaria solar,dermatologico,leve,true,true,true,true,true,4,4,false,true,false,,false,false,,,,,,,clinica
126323AAAAAAAAAAAAAAAAAAAAAAAAAAAAAA,Mordedura de serpiente (ofidismo),trauma,grave,false,true,true,true,false,10,10,false,false,false,lluvia,false,false,,,,,,,referencia
126423AAAAAAAAAAAAAAAAAAAAAAAAAAAAAA,Resfriado complicado (otitis/sinusitis),respiratorio,leve,true,false,false,false,false,10,10,false,true,false,invierno,false,true,,,,,,,clinica
126482AAAAAAAAAAAAAAAAAAAAAAAAAAAAAA,Estrenimiento,digestivo,leve,true,true,true,true,true,12,14,false,true,false,,false,true,,,,,,,clinica
126721AAAAAAAAAAAAAAAAAAAAAAAAAAAAAA,Sepsis,infeccioso,grave,true,false,true,true,true,4,4,true,true,true,,false,false,true,,,,,,referencia
127417AAAAAAAAAAAAAAAAAAAAAAAAAAAAAA,Artritis reumatoide,osteomuscular,moderado,false,false,true,true,true,4,6,true,true,false,,true,false,,,,,,,clinica
127707AAAAAAAAAAAAAAAAAAAAAAAAAAAAAA,Cólico renoureteral,urologico,moderado,false,false,true,true,false,10,10,false,false,false,verano,false,true,,,,,,,clinica
127803AAAAAAAAAAAAAAAAAAAAAAAAAAAAAA,Trastorno depresivo posparto,salud_mental,moderado,false,true,true,false,false,10,10,false,false,false,,false,true,,,F,,,,clinica
127959AAAAAAAAAAAAAAAAAAAAAAAAAAAAAA,Rabia (profilaxis post-exposición),infeccioso,grave,true,true,true,true,true,10,10,false,false,false,,false,false,,,,,,,clinica
128249AAAAAAAAAAAAAAAAAAAAAAAAAAAAAA,Psoriasis,dermatologico,leve,false,true,true,true,true,7,6,false,true,false,,true,false,,,,,,,clinica
128706AAAAAAAAAAAAAAAAAAAAAAAAAAAAAA,Cáncer gástrico,digestivo,grave,false,false,false,true,true,10,10,false,false,false,,true,false,,bajo,,,,,clinica
128792AAAAAAAAAAAAAAAAAAAAAAAAAAAAAA,Cáncer de próstata,urologico,grave,false,false,false,false,true,10,10,false,false,false,,true,false,,bajo,M,,,,clinica
129122AAAAAAAAAAAAAAAAAAAAAAAAAAAAAA,Fibromialgia,osteomuscular,leve,false,false,true,true,true,3,10,false,true,false,,true,true,,,,,,,clinica
129211AAAAAAAAAAAAAAAAAAAAAAAAAAAAAA,Ruptura prematura de membranas,ginecoobstetrico,grave,false,true,true,false,false,10,10,false,false,false,,false,false,,,,,,,referencia
129218AAAAAAAAAAAAAAAAAAAAAAAAAAAAAA,Parto pretérmino,ginecoobstetrico,grave,false,true,true,false,false,10,10,false,false,false,,false,false,,,F,,,,referencia
129251AAAAAAAAAAAAAAAAAAAAAAAAAAAAAA,Preeclampsia (no especificada),ginecoobstetrico,grave,false,true,true,true,true,0,5,true,true,true,,false,false,,,F,alta,,,referencia
1293AAAAAAAAAAAAAAAAAAAAAAAAAAAAAAAA,Enfermedad por reflujo gastroesofagico,digestivo,leve,false,false,true,true,true,15,15,false,true,false,,true,true,,,,,,,clinica
129405AAAAAAAAAAAAAAAAAAAAAAAAAAAAAA,Neuralgia del trigémino,neurologico,moderado,false,false,false,true,true,10,10,false,false,false,,true,true,,,,,,,clinica
129569AAAAAAAAAAAAAAAAAAAAAAAAAAAAAA,Síndrome de ovario poliquístico,ginecoobstetrico,moderado,false,true,true,false,false,10,10,false,false,false,,true,true,,alto,F,,,,clinica
129661AAAAAAAAAAAAAAAAAAAAAAAAAAAAAA,Picadura de alacrán,trauma,moderado,true,true,true,true,true,10,10,false,false,false,verano,false,true,,,,,,,clinica
130027AAAAAAAAAAAAAAAAAAAAAAAAAAAAAA,Neumoconiosis/silicosis,respiratorio,grave,false,false,false,true,true,10,10,false,false,false,,true,false,,,,,,,clinica
130093AAAAAAAAAAAAAAAAAAAAAAAAAAAAAA,Fascitis plantar,osteomuscular,leve,false,false,true,true,true,10,10,false,false,false,,false,true,,,,,,,clinica
130156AAAAAAAAAAAAAAAAAAAAAAAAAAAAAA,Pitiriasis versicolor,dermatologico,leve,false,true,true,false,false,10,10,false,false,false,lluvia,false,true,,,,,,,clinica
130667AAAAAAAAAAAAAAAAAAAAAAAAAAAAAA,Pediculosis,infeccioso,leve,true,false,false,false,false,10,10,false,false,false,,false,true,,,,,,,clinica
130732AAAAAAAAAAAAAAAAAAAAAAAAAAAAAA,Hemorragia posparto,ginecoobstetrico,grave,false,true,true,false,false,10,10,false,false,false,,false,false,,,F,,alta,,referencia
130795AAAAAAAAAAAAAAAAAAAAAAAAAAAAAA,Enfermedad de Parkinson,neurologico,moderado,false,false,false,true,true,4,3,false,true,true,,true,false,,,,,,,clinica
130966AAAAAAAAAAAAAAAAAAAAAAAAAAAAAA,Trastorno de panico,salud_mental,moderado,false,true,true,true,false,10,10,false,true,false,,true,true,,,,,,,clinica
130AAAAAAAAAAAAAAAAAAAAAAAAAAAAAAAAA,Sepsis puerperal,infeccioso,grave,true,true,true,true,true,4,4,true,true,true,,false,false,true,,F,,,,referencia
132387AAAAAAAAAAAAAAAAAAAAAAAAAAAAAA,Onicomicosis,dermatologico,leve,false,false,true,true,true,6,8,false,true,false,,true,true,,,,,,,clinica
132535AAAAAAAAAAAAAAAAAAAAAAAAAAAAAA,Hernia umbilical,digestivo,leve,true,false,false,false,false,10,10,false,false,false,,true,true,,,,,,,clinica
132611AAAAAAAAAAAAAAAAAAAAAAAAAAAAAA,Trastorno obsesivo-compulsivo,salud_mental,moderado,false,true,true,false,false,10,10,false,false,false,,true,true,,,,,,,clinica
132678AAAAAAAAAAAAAAAAAAAAAAAAAAAAAA,Embarazo (control prenatal),ginecoobstetrico,leve,false,true,true,false,false,10,40,true,true,true,,false,true,,,F,,,,clinica
133207AAAAAAAAAAAAAAAAAAAAAAAAAAAAAA,Cáncer cervicouterino,ginecoobstetrico,grave,false,false,true,true,false,10,10,false,false,false,,true,false,,bajo,F,,,,clinica
133469AAAAAAAAAAAAAAAAAAAAAAAAAAAAAA,Cervicalgia,osteomuscular,leve,false,true,true,true,true,14,16,false,true,false,,false,true,,,,,,,clinica
133483AAAAAAAAAAAAAAAAAAAAAAAAAAAAAA,Resfriado comun (rinofaringitis aguda),respiratorio,leve,true,true,true,true,true,45,45,false,true,false,invierno,false,true,,,,,,,clinica
133671AAAAAAAAAAAAAAAAAAAAAAAAAAAAAA,Parotiditis (paperas),infeccioso,leve,true,false,false,false,false,10,10,false,false,false,,false,true,,,,,,,clinica
133687AAAAAAAAAAAAAAAAAAAAAAAAAAAAAA,Esclerosis múltiple,neurologico,grave,false,true,true,false,false,10,10,false,false,false,,true,false,,,,,,,clinica
134138AAAAAAAAAAAAAAAAAAAAAAAAAAAAAA,Preeclampsia,ginecoobstetrico,grave,false,true,true,true,false,0,6,true,true,true,,false,false,,,F,alta,,,referencia
134262AAAAAAAAAAAAAAAAAAAAAAAAAAAAAA,Síndrome metabólico,endocrino,moderado,false,false,true,true,true,10,10,true,false,true,,true,true,,alto,,,,,clinica
134346AAAAAAAAAAAAAAAAAAAAAAAAAAAAAA,Menopausia / climaterio,ginecoobstetrico,leve,false,false,false,true,true,10,16,false,true,false,,false,true,,,F,,,,clinica
134561AAAAAAAAAAAAAAAAAAAAAAAAAAAAAA,Sarampión,infeccioso,grave,true,false,false,false,false,10,10,false,false,false,,false,false,,,,,,,clinica
134615AAAAAAAAAAAAAAAAAAAAAAAAAAAAAA,Mastitis puerperal,ginecoobstetrico,moderado,false,true,true,false,false,10,10,false,false,false,,false,true,true,,F,,,,clinica
134721AAAAAAAAAAAAAAAAAAAAAAAAAAAAAA,Diabetes mal controlada (descompensada),diabetes,moderado,false,false,true,true,true,10,10,false,false,false,,true,true,,,,,,,clinica
136008AAAAAAAAAAAAAAAAAAAAAAAAAAAAAA,Epicondilitis,osteomuscular,leve,false,false,true,true,false,10,10,false,false,false,,false,true,,,,,,,clinica
136110AAAAAAAAAAAAAAAAAAAAAAAAAAAAAA,Leishmaniasis cutánea,infeccioso,moderado,true,true,true,true,true,10,10,false,false,false,,false,true,,,,,,,clinica
136551AAAAAAAAAAAAAAAAAAAAAAAAAAAAAA,Hipertiroidismo inducido por yodo,endocrino,leve,true,true,true,true,true,4,4,false,true,false,,true,false,,bajo,,alta,alta,,clinica
136614AAAAAAAAAAAAAAAAAAAAAAAAAAAAAA,Parasitosis intestinal mixta,digestivo,leve,true,true,true,true,true,10,10,false,false,false,lluvia,false,true,,,,,,,clinica
136721AAAAAAAAAAAAAAAAAAAAAAAAAAAAAA,Enfisema pulmonar,respiratorio,grave,false,false,false,true,true,10,10,false,false,false,,true,false,,,,,,,clinica
137089AAAAAAAAAAAAAAAAAAAAAAAAAAAAAA,Trauma abdominal,trauma,grave,false,true,true,false,false,10,10,false,false,false,,false,false,,,,,,,referencia
137172AAAAAAAAAAAAAAAAAAAAAAAAAAAAAA,Influenza con complicación respiratoria,respiratorio,grave,true,true,true,true,true,10,10,false,false,false,invierno,false,false,,,,,,,clinica
137197AAAAAAAAAAAAAAAAAAAAAAAAAAAAAA,Enfermedad inflamatoria intestinal,digestivo,grave,false,true,true,false,false,10,10,false,false,false,,true,false,,,,,,,clinica
137261AAAAAAAAAAAAAAAAAAAAAAAAAAAAAA,Endocarditis infecciosa,cardiovascular,grave,false,false,true,true,true,10,10,false,false,false,,false,false,true,,,,,,referencia
137275AAAAAAAAAAAAAAAAAAAAAAAAAAAAAA,Mononucleosis infecciosa,infeccioso,leve,false,true,false,false,false,4,4,false,true,false,,false,false,,,,,,,clinica
137418AAAAAAAAAAAAAAAAAAAAAAAAAAAAAA,Leishmaniasis mucocutánea,infeccioso,grave,false,true,true,true,false,10,10,false,false,false,,false,false,,,,,,,clinica
137433AAAAAAAAAAAAAAAAAAAAAAAAAAAAAA,Giardiasis,infeccioso,leve,true,false,false,false,false,10,10,false,false,false,lluvia,false,true,,,,,,,clinica
137655AAAAAAAAAAAAAAAAAAAAAAAAAAAAAA,Herida cortante (laceración),trauma,leve,true,true,true,true,true,10,10,false,false,false,,false,true,,,,,,,clinica
137693AAAAAAAAAAAAAAAAAAAAAAAAAAAAAA,Impetigo,dermatologico,leve,true,true,false,false,false,10,10,false,true,false,verano,false,true,,,,,,,clinica
137880AAAAAAAAAAAAAAAAAAAAAAAAAAAAAA,Escoliosis,osteomuscular,leve,true,false,false,false,false,10,10,false,false,false,,true,true,,,,,,,clinica
137919AAAAAAAAAAAAAAAAAAAAAAAAAAAAAA,Síndrome de Cushing,endocrino,grave,false,false,true,true,false,10,10,false,false,false,,true,false,,alto,,alta,,,clinica
137961AAAAAAAAAAAAAAAAAAAAAAAAAAAAAA,Insuficiencia suprarrenal,endocrino,grave,false,true,true,true,false,10,10,false,false,false,,true,false,,,,,,,clinica
138111AAAAAAAAAAAAAAAAAAAAAAAAAAAAAA,Hiperuricemia,endocrino,leve,false,false,true,true,true,10,10,false,false,false,,true,true,,,,,,,clinica
138176AAAAAAAAAAAAAAAAAAAAAAAAAAAAAA,Hipertiroidismo,endocrino,moderado,false,true,true,true,true,4,8,true,true,false,,true,true,,bajo,,alta,alta,,clinica
138218AAAAAAAAAAAAAAAAAAAAAAAAAAAAAA,Hiperprolactinemia,endocrino,leve,false,true,true,false,false,10,10,false,false,false,,true,true,,,,,,,clinica
138706AAAAAAAAAAAAAAAAAAAAAAAAAAAAAA,Herpes simple labial,dermatologico,leve,false,true,true,true,true,10,10,false,false,false,,false,true,,,,,,,clinica
138714AAAAAAAAAAAAAAAAAAAAAAAAAAAAAA,Hernia discal,osteomuscular,moderado,false,false,true,true,true,10,10,false,true,true,,true,true,,,,,,,clinica
138849AAAAAAAAAAAAAAAAAAAAAAAAAAAAAA,Hemorroides,digestivo,leve,false,false,true,true,true,10,10,false,false,false,,true,true,,,,,,,clinica
138905AAAAAAAAAAAAAAAAAAAAAAAAAAAAAA,Hemoptisis,respiratorio,moderado,false,false,true,true,true,10,10,false,false,false,,false,true,,,,,,,clinica
138961AAAAAAAAAAAAAAAAAAAAAAAAAAAAAA,Secuela de ACV (hemiparesia),neurologico,grave,false,false,false,true,true,10,10,false,false,false,,true,false,,,,,,,clinica
138974AAAAAAAAAAAAAAAAAAAAAAAAAAAAAA,Hematuria,urologico,moderado,false,false,true,true,true,10,10,false,false,false,,false,true,,,,,,,clinica
139041AAAAAAAAAAAAAAAAAAAAAAAAAAAAAA,Infección por Helicobacter pylori,digestivo,leve,false,true,true,true,true,10,10,false,false,false,,false,true,,,,,,,clinica
139084AAAAAAAAAAAAAAAAAAAAAAAAAAAAAA,Cefalea,neurologico,leve,true,true,true,true,true,12,12,false,false,false,,false,true,,,,,,,clinica
139251AAAAAAAAAAAAAAAAAAAAAAAAAAAAAA,Duelo complicado,salud_mental,leve,true,true,true,true,true,10,10,false,false,false,,false,true,,,,,,,clinica
139545AAAAAAAAAAAAAAAAAAAAAAAAAAAAAA,Trastorno de ansiedad generalizada,salud_mental,moderado,false,true,true,true,false,10,10,false,true,false,,true,true,,,,,,,clinica
139850AAAAAAAAAAAAAAAAAAAAAAAAAAAAAA,Fractura púbica,trauma,leve,true,true,true,true,true,4,4,false,true,false,,false,false,,,,,,,clinica
139998AAAAAAAAAAAAAAAAAAAAAAAAAAAAAA,Foliculitis / forunculosis,dermatologico,leve,false,true,true,false,false,10,10,false,false,false,,false,true,,,,,,,clinica
140185AAAAAAAAAAAAAAAAAAAAAAAAAAAAAA,Fibrosis pulmonar,respiratorio,grave,false,false,false,true,true,10,10,false,false,false,,true,false,,,,,,,clinica
140238AAAAAAAAAAAAAAAAAAAAAAAAAAAAAA,Fiebre sin foco,infeccioso,moderado,true,true,true,true,false,15,15,false,false,false,,false,true,true,,,,,,clinica
140485AAAAAAAAAAAAAAAAAAAAAAAAAAAAAA,Crisis convulsiva febril,neurologico,moderado,true,false,false,false,false,10,10,false,false,false,,false,true,,,,,,,clinica
140498AAAAAAAAAAAAAAAAAAAAAAAAAAAAAA,Hígado graso no alcohólico,digestivo,leve,false,false,true,true,true,10,10,false,false,false,,true,true,,,,,,,clinica
140816AAAAAAAAAAAAAAAAAAAAAAAAAAAAAA,Parálisis facial periférica (Bell),neurologico,moderado,false,true,true,true,false,10,10,false,true,true,,false,true,,,,,,,clinica
140980AAAAAAAAAAAAAAAAAAAAAAAAAAAAAA,Temblor esencial,neurologico,leve,false,false,false,true,true,10,10,false,false,false,,true,true,,,,,,,clinica
140987AAAAAAAAAAAAAAAAAAAAAAAAAAAAAA,Hipertensión arterial esencial,cardiovascular,moderado,false,false,true,true,true,10,10,false,true,false,,true,true,,,,,,,clinica
140AAAAAAAAAAAAAAAAAAAAAAAAAAAAAAAAA,Escabiosis (sarna),dermatologico,leve,true,true,true,true,true,10,10,false,true,false,,false,true,,,,,,,clinica
141406AAAAAAAAAAAAAAAAAAAAAAAAAAAAAA,Quemadura eléctrica,trauma,grave,false,true,true,false,false,10,10,false,false,false,,false,false,,,,,,,referencia
141623AAAAAAAAAAAAAAAAAAAAAAAAAAAAAA,Dislipidemia,cardiovascular,leve,false,false,true,true,true,15,15,true,true,false,,true,true,,,,,,,clinica
141631AAAAAAAAAAAAAAAAAAAAAAAAAAAAAA,Sangrado uterino anormal,ginecoobstetrico,moderado,false,false,true,false,false,10,10,false,false,false,,true,true,,,F,,,,clinica
141768AAAAAAAAAAAAAAAAAAAAAAAAAAAAAA,Ahogamiento / casi ahogamiento,trauma,grave,true,true,false,false,false,10,10,false,false,false,lluvia,false,false,,,,,,,referencia
141AAAAAAAAAAAAAAAAAAAAAAAAAAAAAAAAA,Fiebre tifoidea,infeccioso,grave,true,true,true,true,false,5,5,true,true,false,"verano,lluvia",false,false,true,,,,,,clinica
142429AAAAAAAAAAAAAAAAAAAAAAAAAAAAAA,Retinopatía diabética,diabetes,grave,false,false,true,true,true,10,10,false,true,false,,true,false,,,,,,,clinica
142431AAAAAAAAAAAAAAAAAAAAAAAAAAAAAA,Nefropatía diabética,diabetes,grave,false,false,true,true,true,10,10,true,true,false,,true,false,,,,alta,,,clinica
142452AAAAAAAAAAAAAAAAAAAAAAAAAAAAAA,Pie diabético (úlcera/infección),diabetes,grave,false,false,false,true,true,10,10,true,true,true,,true,false,,,,,,,clinica
142630AAAAAAAAAAAAAAAAAAAAAAAAAAAAAA,Deshidratación,digestivo,moderado,true,true,true,true,true,22,22,false,true,false,,false,true,,,,,alta,,clinica
142986AAAAAAAAAAAAAAAAAAAAAAAAAAAAAA,Teniasis / cisticercosis,digestivo,moderado,false,true,true,true,false,10,10,false,false,false,,false,true,,,,,,,clinica
143077AAAAAAAAAAAAAAAAAAAAAAAAAAAAAA,Larva migrans cutánea,dermatologico,leve,true,true,true,true,true,10,10,false,false,false,lluvia,false,true,,,,,,,clinica
143193AAAAAAAAAAAAAAAAAAAAAAAAAAAAAA,Crup (laringotraqueítis),respiratorio,moderado,true,false,false,false,false,10,10,false,false,false,invierno,false,true,,,,,,,clinica
143381AAAAAAAAAAAAAAAAAAAAAAAAAAAAAA,Cor pulmonale,cardiovascular,grave,false,false,false,true,true,10,10,false,false,false,,true,false,,,,,,,clinica
144915AAAAAAAAAAAAAAAAAAAAAAAAAAAAAA,Fractura cerrada de antebrazo,trauma,moderado,true,true,true,true,true,12,10,true,true,true,,false,true,,,,,,,clinica
1449AAAAAAAAAAAAAAAAAAAAAAAAAAAAAAAA,Diabetes gestacional,diabetes,moderado,false,true,true,false,false,10,10,false,false,false,,false,true,,,F,,,,clinica
145091AAAAAAAAAAAAAAAAAAAAAAAAAAAAAA,Cirrosis hepática,digestivo,grave,false,false,false,true,true,10,10,true,true,true,,true,false,,bajo,,,,,clinica
145214AAAAAAAAAAAAAAAAAAAAAAAAAAAAAA,Faringitis crónica,respiratorio,leve,false,true,true,true,true,10,10,false,false,false,,true,true,,,,,,,clinica
145315AAAAAAAAAAAAAAAAAAAAAAAAAAAAAA,Amebiasis intestinal,infeccioso,moderado,true,true,true,true,true,10,10,false,false,false,lluvia,false,true,,,,,,,clinica
145438AAAAAAAAAAAAAAAAAAAAAAAAAAAAAA,Enfermedad renal crónica de causas no tradicionales (nefropatía mesoamericana),urologico,grave,false,true,true,true,false,10,10,false,false,false,verano,true,false,,,,alta,,,clinica
145455AAAAAAAAAAAAAAAAAAAAAAAAAAAAAA,Tos crónica,respiratorio,leve,true,true,true,true,true,10,10,false,false,false,,true,true,,,,,,,clinica
145461AAAAAAAAAAAAAAAAAAAAAAAAAAAAAA,Estreñimiento crónico,digestivo,leve,true,true,true,true,true,10,10,false,true,false,,true,true,,,,,,,clinica
145625AAAAAAAAAAAAAAAAAAAAAAAAAAAAAA,Colelitiasis / cólico biliar,digestivo,moderado,false,false,true,true,true,10,10,false,false,false,,true,true,,,,,,,clinica
145659AAAAAAAAAAAAAAAAAAAAAAAAAAAAAA,Melasma,dermatologico,leve,false,true,true,false,false,10,10,false,false,false,verano,true,true,,,,,,,clinica
145806AAAAAAAAAAAAAAAAAAAAAAAAAAAAAA,Lesión por VPH (displasia cervical),ginecoobstetrico,leve,false,true,true,false,false,10,10,false,false,false,,true,true,,,,,,,clinica
146127AAAAAAAAAAAAAAAAAAAAAAAAAAAAAA,Síndrome del túnel carpiano,osteomuscular,moderado,false,false,true,true,false,10,10,false,false,false,,true,true,,,,,,,clinica
146620AAAAAAAAAAAAAAAAAAAAAAAAAAAAAA,Bursitis,osteomuscular,leve,false,true,true,true,true,8,8,false,true,false,,false,true,,,,,,,clinica
147273AAAAAAAAAAAAAAAAAAAAAAAAAAAAAA,Mordedura,trauma,moderado,true,true,true,true,true,8,6,false,true,true,,false,true,,,,,,,clinica
148002AAAAAAAAAAAAAAAAAAAAAAAAAAAAAA,Vaginosis bacteriana,ginecoobstetrico,leve,false,true,true,true,false,0,20,false,true,false,,false,true,,,F,,,,clinica
148142AAAAAAAAAAAAAAAAAAAAAAAAAAAAAA,Trastorno por déficit de atención/hiperactividad,salud_mental,moderado,true,false,false,false,false,10,10,false,false,false,,true,true,,,,,,,clinica
148143AAAAAAAAAAAAAAAAAAAAAAAAAAAAAA,Intento de suicidio,salud_mental,grave,false,true,true,true,false,3,4,false,false,true,,false,false,,,,,,,referencia
148203AAAAAAAAAAAAAAAAAAAAAAAAAAAAAA,Fibrilación auricular,cardiovascular,moderado,false,false,false,true,true,10,10,true,true,false,,true,true,,,,,alta,,clinica
148517AAAAAAAAAAAAAAAAAAAAAAAAAAAAAA,Apnea obstructiva del sueño,respiratorio,moderado,false,false,true,true,false,10,10,false,false,false,,true,true,,,,,,,clinica
149019AAAAAAAAAAAAAAAAAAAAAAAAAAAAAA,Demencia / Alzheimer,neurologico,grave,false,false,false,false,true,10,10,false,false,false,,true,false,,,,,,,clinica
149085AAAAAAAAAAAAAAAAAAAAAAAAAAAAAA,Picadura/reacción a insectos,dermatologico,leve,true,true,true,true,true,10,10,false,false,false,lluvia,false,true,,,,,,,clinica
149148AAAAAAAAAAAAAAAAAAAAAAAAAAAAAA,Polineuropatía alcohólica,neurologico,moderado,false,false,true,true,false,10,10,false,false,false,,true,true,,,,,,,clinica
149197AAAAAAAAAAAAAAAAAAAAAAAAAAAAAA,VIH / SIDA,infeccioso,grave,false,true,true,true,false,10,10,true,true,false,,true,false,,bajo,,,,,clinica
149471AAAAAAAAAAAAAAAAAAAAAAAAAAAAAA,Hepatitis viral aguda,digestivo,moderado,true,true,true,true,true,10,10,false,false,false,lluvia,false,true,,,,,,,clinica
149496AAAAAAAAAAAAAAAAAAAAAAAAAAAAAA,Amigdalitis aguda,respiratorio,leve,true,true,true,false,false,18,18,false,true,false,invierno,false,true,,,,,,,clinica
149533AAAAAAAAAAAAAAAAAAAAAAAAAAAAAA,Fiebre reumática aguda,cardiovascular,moderado,true,false,false,false,false,10,10,false,false,false,invierno,false,true,true,,,,,,clinica
149554AAAAAAAAAAAAAAAAAAAAAAAAAAAAAA,Pielonefritis aguda,urologico,grave,true,true,true,true,true,4,7,true,true,false,,false,false,true,,,,,,clinica
149579AAAAAAAAAAAAAAAAAAAAAAAAAAAAAA,Faringitis aguda,respiratorio,leve,true,true,true,true,false,18,18,false,true,false,invierno,false,true,,,,,,,clinica
149601AAAAAAAAAAAAAAAAAAAAAAAAAAAAAA,Enfermedad inflamatoria pelvica,ginecoobstetrico,moderado,false,true,true,true,false,0,10,true,true,true,,false,true,true,,F,,,,clinica
149607AAAAAAAAAAAAAAAAAAAAAAAAAAAAAA,Pancreatitis aguda,digestivo,grave,false,false,true,true,true,5,4,true,true,true,,false,false,true,,,,,,referencia
149609AAAAAAAAAAAAAAAAAAAAAAAAAAAAAA,Otitis media aguda,respiratorio,leve,true,true,false,false,false,18,16,false,true,false,invierno,false,true,,,,,,,clinica
149716AAAAAAAAAAAAAAAAAAAAAAAAAAAAAA,Laringitis aguda,respiratorio,leve,true,true,true,true,true,10,10,false,true,false,invierno,false,true,,,,,,,clinica
149743AAAAAAAAAAAAAAAAAAAAAAAAAAAAAA,Hepatitis C,infeccioso,grave,false,false,true,true,false,10,10,false,false,false,,true,false,,,,,,,clinica
149780AAAAAAAAAAAAAAAAAAAAAAAAAAAAAA,Gastritis aguda,digestivo,leve,true,true,true,true,true,18,18,false,true,false,,false,true,,,,,,,clinica
149856AAAAAAAAAAAAAAAAAAAAAAAAAAAAAA,Diarrea aguda,digestivo,leve,true,true,true,true,true,30,30,false,true,false,"verano,lluvia",false,true,,,,,,,clinica
149891AAAAAAAAAAAAAAAAAAAAAAAAAAAAAA,Sinusitis bacteriana aguda,infeccioso,leve,true,true,true,true,true,10,10,false,false,false,invierno,false,true,,,,,,,clinica
149906AAAAAAAAAAAAAAAAAAAAAAAAAAAAAA,Apendicitis aguda,digestivo,grave,true,true,true,true,false,7,6,true,false,true,,false,false,true,,,,,,referencia
150126AAAAAAAAAAAAAAAAAAAAAAAAAAAAAA,Acné vulgar,dermatologico,leve,false,true,false,false,false,10,10,false,true,false,,true,true,,,,,,,clinica
150144AAAAAAAAAAAAAAAAAAAAAAAAAAAAAA,Acne,dermatologico,leve,false,true,true,false,false,16,18,false,true,false,,false,true,,,,,,,clinica
150632AAAAAAAAAAAAAAAAAAAAAAAAAAAAAA,Absceso cutáneo,infeccioso,moderado,true,true,true,true,true,10,10,false,false,false,,false,true,true,,,,,,clinica
153741AAAAAAAAAAAAAAAAAAAAAAAAAAAAAA,Neuropatía diabética,diabetes,moderado,false,false,true,true,true,10,10,false,false,false,,true,true,,,,,,,clinica
154216AAAAAAAAAAAAAAAAAAAAAAAAAAAAAA,Prediabetes (intolerancia a la glucosa),diabetes,leve,false,false,true,true,true,10,10,false,false,false,,true,true,,,,,,,clinica
154934AAAAAAAAAAAAAAAAAAAAAAAAAAAAAA,Alcoholismo agudo,salud_mental,leve,true,true,true,true,true,4,4,false,true,false,,false,false,,,,,,,clinica
154947AAAAAAAAAAAAAAAAAAAAAAAAAAAAAA,Enfermedad de Chagas aguda,infeccioso,moderado,true,true,true,true,true,10,10,false,false,false,,false,true,,,,,,,clinica
154965AAAAAAAAAAAAAAAAAAAAAAAAAAAAAA,Pielonefritis necrótica aguda,urologico,moderado,true,true,true,true,true,4,4,false,true,false,,false,false,true,,,,,,clinica
155195AAAAAAAAAAAAAAAAAAAAAAAAAAAAAA,Luxación atlantoaxial,trauma,grave,true,true,true,true,true,4,4,false,true,false,,false,false,,,,,,,referencia
155210AAAAAAAAAAAAAAAAAAAAAAAAAAAAAA,Migraña atípica,neurologico,leve,true,true,true,true,true,4,4,false,true,false,,false,false,,,,,,,clinica
155231AAAAAAAAAAAAAAAAAAAAAAAAAAAAAA,Celulitis bacteriana,infeccioso,moderado,true,true,true,true,true,10,10,false,false,false,,false,true,true,,,,,,clinica
155296AAAAAAAAAAAAAAAAAAAAAAAAAAAAAA,Neumonía bilateral,respiratorio,leve,true,true,true,true,true,4,4,false,true,false,,false,false,,,,,,,clinica
155390AAAAAAAAAAAAAAAAAAAAAAAAAAAAAA,Cálculo renal calicial,urologico,leve,true,true,true,true,true,4,4,false,true,false,,false,false,,,,,,,clinica
155461AAAAAAAAAAAAAAAAAAAAAAAAAAAAAA,Celulitis en el pie diabético,diabetes,leve,true,true,true,true,true,4,4,false,true,false,,false,false,true,,,,,,clinica
155551AAAAAAAAAAAAAAAAAAAAAAAAAAAAAA,Anemia crónica,endocrino,moderado,true,true,true,true,true,4,4,false,true,false,,true,false,,,,,alta,,clinica
155742AAAAAAAAAAAAAAAAAAAAAAAAAAAAAA,Alcoholismo crónico continuo,salud_mental,moderado,true,true,true,true,true,4,4,false,true,false,,true,false,,,,,,,clinica
155752AAAAAAAAAAAAAAAAAAAAAAAAAAAAAA,Contusión del cuero cabelludo,trauma,leve,true,true,true,true,true,4,4,false,true,false,,false,false,,,,,,,clinica
155916AAAAAAAAAAAAAAAAAAAAAAAAAAAAAA,Nefropatía diabética proteinúrica,diabetes,leve,true,true,true,true,true,4,4,false,true,false,,true,false,,,,alta,,,clinica
155919AAAAAAAAAAAAAAAAAAAAAAAAAAAAAA,Neuropatia periferica diabetica,neurologico,moderado,false,false,true,true,true,8,8,true,true,false,,true,true,,,,,,,clinica
155AAAAAAAAAAAAAAAAAAAAAAAAAAAAAAAAA,Epilepsia,neurologico,moderado,true,true,true,true,true,7,6,true,true,false,,true,false,,,,,,,clinica
156027AAAAAAAAAAAAAAAAAAAAAAAAAAAAAA,Convulsiones disociativas,neurologico,leve,true,true,true,true,true,4,4,false,true,false,,false,false,,,,,,,clinica
156084AAAAAAAAAAAAAAAAAAAAAAAAAAAAAA,Gota medicamentosa,osteomuscular,leve,true,true,true,true,true,4,4,false,true,false,,false,false,,,,,,,clinica
156087AAAAAAAAAAAAAAAAAAAAAAAAAAAAAA,Hipoglucemia farmacógena,diabetes,leve,true,true,true,true,true,4,4,false,true,false,,false,false,,,,,,,clinica
156109AAAAAAAAAAAAAAAAAAAAAAAAAAAAAA,Eclampsia en el trabajo de parto,ginecoobstetrico,grave,false,true,true,true,true,0,5,true,true,true,,false,false,,,F,alta,,,referencia
156162AAAAAAAAAAAAAAAAAAAAAAAAAAAAAA,Disfunción eréctil,urologico,leve,false,false,false,true,true,10,10,false,false,false,,true,true,,,,,,,clinica
156385AAAAAAAAAAAAAAAAAAAAAAAAAAAAAA,Fractura de miembro inferior,trauma,grave,true,true,true,true,true,10,10,false,false,false,,false,false,,,,,,,referencia
156439AAAAAAAAAAAAAAAAAAAAAAAAAAAAAA,Incontinencia urinaria,urologico,leve,false,false,false,true,true,10,10,false,false,false,,true,true,,,,,,,clinica
156805AAAAAAAAAAAAAAAAAAAAAAAAAAAAAA,Intoxicación alimentaria,digestivo,moderado,true,true,true,true,true,10,10,false,false,false,verano,false,true,,,,,,,clinica
157374AAAAAAAAAAAAAAAAAAAAAAAAAAAAAA,Taquicardia irregular,cardiovascular,leve,true,true,true,true,true,4,4,false,true,false,,false,false,,,,,alta,,clinica
157375AAAAAAAAAAAAAAAAAAAAAAAAAAAAAA,Síndrome de intestino irritable,digestivo,leve,false,true,true,false,false,10,10,false,false,false,,true,true,,,,,,,clinica
157482AAAAAAAAAAAAAAAAAAAAAAAAAAAAAA,Trauma ocular,trauma,moderado,false,true,true,false,false,10,10,false,false,false,,false,true,,,,,,,clinica
157809AAAAAAAAAAAAAAAAAAAAAAAAAAAAAA,EPOC,respiratorio,moderado,false,false,false,true,true,8,5,true,true,true,invierno,true,true,,,,,,,clinica
157811AAAAAAAAAAAAAAAAAAAAAAAAAAAAAA,Preeclampsia moderada,ginecoobstetrico,grave,false,true,true,true,true,0,5,true,true,true,,false,false,,,F,alta,,,referencia
158068AAAAAAAAAAAAAAAAAAAAAAAAAAAAAA,Fractura occipital,trauma,leve,true,true,true,true,true,4,4,false,true,false,,false,false,,,,,,,clinica
158133AAAAAAAAAAAAAAAAAAAAAAAAAAAAAA,Osteoartritis (artrosis),osteomuscular,moderado,false,false,false,true,true,10,10,false,false,false,,true,true,,,,,,,clinica
158324AAAAAAAAAAAAAAAAAAAAAAAAAAAAAA,Fractura pertrocantérea,trauma,leve,true,true,true,true,true,4,4,false,true,false,,false,false,,,,,,,clinica
158435AAAAAAAAAAAAAAAAAAAAAAAAAAAAAA,Hipotiroidismo posinfeccioso,endocrino,leve,true,true,true,true,true,4,4,false,true,false,,true,false,,alto,,,baja,,clinica
158495AAAAAAAAAAAAAAAAAAAAAAAAAAAAAA,Retinopatía diabética preproliferativa,diabetes,leve,true,true,true,true,true,4,4,false,true,false,,true,false,,,,,,,clinica
158606AAAAAAAAAAAAAAAAAAAAAAAAAAAAAA,Artritis séptica,osteomuscular,grave,true,true,true,true,true,10,10,false,false,false,,false,false,true,,,,,,referencia
158653AAAAAAAAAAAAAAAAAAAAAAAAAAAAAA,Embolia pulmonar,cardiovascular,grave,false,false,false,true,true,10,10,false,false,false,,false,false,,,,,alta,baja,referencia
158725AAAAAAAAAAAAAAAAAAAAAAAAAAAAAA,Psoriasis del cuero cabelludo,dermatologico,leve,true,true,true,true,true,4,4,false,true,false,,true,false,,,,,,,clinica
158961AAAAAAAAAAAAAAAAAAAAAAAAAAAAAA,Hipertiroidismo subclínico,endocrino,leve,true,true,true,true,true,4,4,false,true,false,,true,false,,bajo,,alta,alta,,clinica
158974AAAAAAAAAAAAAAAAAAAAAAAAAAAAAA,Infarto de miocardio subsecuente,cardiovascular,grave,true,true,true,true,true,4,4,true,true,true,,false,false,,,,,,,referencia
159030AAAAAAAAAAAAAAAAAAAAAAAAAAAAAA,Cefalea tensional,neurologico,leve,false,true,true,true,true,20,26,false,true,false,,false,true,,,,,,,clinica
159188AAAAAAAAAAAAAAAAAAAAAAAAAAAAAA,Diabetes mellitus tipo 1,diabetes,moderado,true,true,false,false,false,6,6,true,true,true,,true,false,,,,,,,clinica
159255AAAAAAAAAAAAAAAAAAAAAAAAAAAAAA,"Infección de vías urinarias, posparto",urologico,leve,true,true,true,true,true,4,4,false,true,false,,false,false,,,F,,,,clinica
159328AAAAAAAAAAAAAAAAAAAAAAAAAAAAAA,Herida por arma blanca,trauma,grave,false,true,true,false,false,10,10,false,false,false,,false,false,,,,,,,referencia
159351AAAAAAAAAAAAAAAAAAAAAAAAAAAAAA,Cáncer de piel (no melanoma),dermatologico,moderado,false,false,false,true,true,10,10,false,false,false,verano,true,true,,bajo,,,,,clinica
160156AAAAAAAAAAAAAAAAAAAAAAAAAAAAAA,Tuberculosis BK+ (baciloscopia positiva),infeccioso,leve,true,true,true,true,true,4,4,false,true,false,,false,false,,bajo,,,,,clinica
161355AAAAAAAAAAAAAAAAAAAAAAAAAAAAAA,Tuberculosis de abdomen,infeccioso,leve,true,true,true,true,true,4,4,false,true,false,,false,false,,bajo,,,,,clinica
161644AAAAAAAAAAAAAAAAAAAAAAAAAAAAAA,Crisis hipertensiva,cardiovascular,grave,false,false,true,true,true,10,10,false,true,false,,false,false,,,,,,,referencia
164107AAAAAAAAAAAAAAAAAAAAAAAAAAAAAA,Dermatitis atopica,dermatologico,leve,true,true,true,true,false,18,18,false,true,false,seca,true,true,,,,,,,clinica
164936AAAAAAAAAAAAAAAAAAAAAAAAAAAAAA,Acné inflamatorio,dermatologico,leve,true,true,true,true,true,4,4,false,true,false,,false,false,,,,,,,clinica
164960AAAAAAAAAAAAAAAAAAAAAAAAAAAAAA,Accidente cerebrovascular isquémico,neurologico,grave,false,false,false,true,true,10,10,true,true,true,,false,false,,,,,,,referencia
164963AAAAAAAAAAAAAAAAAAAAAAAAAAAAAA,Hipotensión ortostática,cardiovascular,leve,false,false,false,false,true,10,10,false,false,false,,false,true,,,,,,,clinica
165623AAAAAAAAAAAAAAAAAAAAAAAAAAAAAA,COVID-19,infeccioso,moderado,true,true,true,true,true,10,10,false,false,false,invierno,false,true,,,,,,,clinica
165925AAAAAAAAAAAAAAAAAAAAAAAAAAAAAA,Encefalitis,neurologico,grave,true,true,true,true,true,10,10,false,false,false,lluvia,false,false,true,,,,,,referencia
166093AAAAAAAAAAAAAAAAAAAAAAAAAAAAAA,Exacerbación de EPOC,respiratorio,grave,false,false,false,true,true,10,10,false,false,false,invierno,true,false,,,,,,,clinica
166533AAAAAAAAAAAAAAAAAAAAAAAAAAAAAA,Faringoamigdalitis estreptocócica,infeccioso,leve,true,true,true,true,true,10,10,false,false,false,invierno,false,true,,,,,,,clinica
166AAAAAAAAAAAAAAAAAAAAAAAAAAAAAAAAA,Mordedura de perro,trauma,moderado,true,false,false,false,false,10,10,false,false,false,,false,true,,,,,,,clinica
177AAAAAAAAAAAAAAAAAAAAAAAAAAAAAAAAA,Fractura,trauma,moderado,true,true,true,true,true,10,10,false,true,false,,false,true,,,,,,,clinica
298AAAAAAAAAAAAAAAAAAAAAAAAAAAAAAAAA,Candidiasis vaginal,ginecoobstetrico,leve,false,true,true,true,false,0,20,false,true,false,verano,false,true,,,F,,,,clinica
42AAAAAAAAAAAAAAAAAAAAAAAAAAAAAAAAAA,Tuberculosis pulmonar (BK+),infeccioso,grave,true,true,true,true,true,10,10,true,true,false,,true,false,true,bajo,,,,,clinica
49dd47cf-1e92-4cd9-b759-8a4a107f2ef9,Estado hiperosmolar hiperglucémico,diabetes,grave,false,false,false,true,true,10,10,false,false,false,,false,false,,,,,,,referencia
5016AAAAAAAAAAAAAAAAAAAAAAAAAAAAAAAA,Miocardiopatía chagásica,cardiovascular,grave,false,false,true,true,false,10,10,false,false,false,,true,false,,,,,,,clinica
5042AAAAAAAAAAAAAAAAAAAAAAAAAAAAAAAA,Tuberculosis extrapulmonar,infeccioso,grave,true,true,true,true,true,10,10,false,false,false,,true,false,,bajo,,,,,clinica
5c46caf2-3062-4a04-bb99-fe1fae98e6db,Varicela,infeccioso,leve,true,true,false,false,false,8,8,false,true,false,invierno,false,true,,,,,,,clinica
5e67ba1d-380b-4767-a4a0-0960d7a18db1,Bursitis subacromial,osteomuscular,leve,true,true,true,true,true,4,4,false,true,false,,false,false,,,,,,,clinica
61304dd2-7f0c-4933-9f31-c1a909200a71,Dengue sin signos de alarma,infeccioso,leve,true,true,true,true,true,25,25,true,false,true,"verano,lluvia",false,true,,,,,,,clinica
66020632-9c35-4b91-9206-62ac5219213a,Preeclampsia grave estabilizada,ginecoobstetrico,grave,false,true,true,true,true,0,5,true,true,true,,false,false,,,F,alta,,,referencia
67acf134-be8a-49ae-b90b-e8bb4a158494,Dengue con signos de alarma,infeccioso,grave,true,true,true,true,true,4,4,false,true,false,,false,false,,,,,,,referencia
81a10ea8-fcc2-4159-8b4c-1ebdd1def5cc,Meningitis por varicela,infeccioso,grave,true,true,true,true,true,4,4,true,true,true,,false,false,true,,,,,,referencia
8f1e16cd-457c-48eb-9ba6-e1e17b20f29a,Tuberculosis activa,infeccioso,leve,true,true,true,true,true,4,4,false,true,false,,false,false,,bajo,,,,,clinica
fe8c08e8-aabc-49e1-a162-cb8b041cb3fc,Acné retencional,dermatologico,leve,true,true,true,true,true,4,4,false,true,false,,false,false,,,,,,,clinica
114431AAAAAAAAAAAAAAAAAAAAAAAAAAAAAA,Otitis externa,respiratorio,leve,true,true,true,true,true,10,10,false,true,false,verano,false,true,,,,,,,clinica
133499AAAAAAAAAAAAAAAAAAAAAAAAAAAAAA,Epistaxis (sangrado nasal),respiratorio,leve,true,true,true,true,true,8,6,false,false,false,seca,false,true,,,,,,,clinica
530AAAAAAAAAAAAAAAAAAAAAAAAAAAAAAAAA,Tapón de cerumen,respiratorio,leve,true,true,true,true,true,10,10,false,false,false,,false,true,,,,,,,clinica
138434AAAAAAAAAAAAAAAAAAAAAAAAAAAAAA,Orzuelo,infeccioso,leve,true,true,true,true,true,8,8,false,true,false,,false,true,,,,,,,clinica
145768AAAAAAAAAAAAAAAAAAAAAAAAAAAAAA,Chalazión,dermatologico,leve,true,true,true,true,true,4,4,false,true,false,,false,false,,,,,,,clinica
121102AAAAAAAAAAAAAAAAAAAAAAAAAAAAAA,Blefaritis,dermatologico,leve,false,true,true,true,true,6,6,false,true,false,,false,false,,,,,,,clinica
128184AAAAAAAAAAAAAAAAAAAAAAAAAAAAAA,Pterigión,dermatologico,leve,false,false,true,true,true,6,4,false,false,false,verano,true,false,,,,,,,clinica
120860AAAAAAAAAAAAAAAAAAAAAAAAAAAAAA,Catarata senil,neurologico,moderado,false,false,false,true,true,8,8,false,false,false,,true,true,,,,,,,clinica
158730AAAAAAAAAAAAAAAAAAAAAAAAAAAAAA,Conjuntivitis alérgica,respiratorio,leve,true,true,true,true,true,8,10,false,true,false,seca,false,true,,,,,,,clinica
117789AAAAAAAAAAAAAAAAAAAAAAAAAAAAAA,Glaucoma,neurologico,moderado,false,false,false,true,true,5,5,false,true,false,,true,false,,,,,,,clinica
127143AAAAAAAAAAAAAAAAAAAAAAAAAAAAAA,Escarlatina,infeccioso,moderado,true,false,false,false,false,8,8,false,true,false,invierno,false,true,true,,,,,,clinica
141204AAAAAAAAAAAAAAAAAAAAAAAAAAAAAA,Enfermedad mano-pie-boca,infeccioso,leve,true,false,false,false,false,10,10,false,false,false,verano,false,true,true,,,,,,clinica
141216AAAAAAAAAAAAAAAAAAAAAAAAAAAAAA,Oxiuriasis (enterobiasis),infeccioso,leve,true,true,false,false,false,12,12,false,true,false,,false,true,,,,,,,clinica
148353AAAAAAAAAAAAAAAAAAAAAAAAAAAAAA,Ascariasis,infeccioso,leve,true,true,false,false,false,10,10,false,true,false,lluvia,false,true,,,,,,,clinica
142423AAAAAAAAAAAAAAAAAAAAAAAAAAAAAA,Dermatitis del pañal,dermatologico,leve,true,false,false,false,false,12,12,false,true,false,,false,true,,,,,,,clinica
134133AAAAAAAAAAAAAAAAAAAAAAAAAAAAAA,Miliaria (sarpullido por calor),dermatologico,leve,true,false,false,false,false,8,8,false,false,false,verano,false,true,,,,,,,clinica
119661AAAAAAAAAAAAAAAAAAAAAAAAAAAAAA,Talla baja para la edad,endocrino,leve,true,false,false,false,false,6,6,false,false,true,,false,false,,,,,,,clinica
123354AAAAAAAAAAAAAAAAAAAAAAAAAAAAAA,Varicocele,urologico,leve,false,true,true,false,false,6,0,false,false,false,,false,false,,,M,,,,clinica
117474AAAAAAAAAAAAAAAAAAAAAAAAAAAAAA,Hidrocele,urologico,leve,true,false,false,true,true,5,0,false,false,false,,false,false,,,M,,,,clinica
163831AAAAAAAAAAAAAAAAAAAAAAAAAAAAAA,Fimosis,urologico,leve,true,true,false,false,false,6,0,false,false,false,,false,false,,,M,,,,clinica
147991AAAAAAAAAAAAAAAAAAAAAAAAAAAAAA,Balanitis,urologico,leve,true,true,true,true,false,6,0,false,true,false,,false,false,,,M,,,,clinica
121110AAAAAAAAAAAAAAAAAAAAAAAAAAAAAA,Vejiga hiperactiva,urologico,leve,false,false,false,true,true,4,8,false,true,false,,true,true,,,,,,,clinica
149977AAAAAAAAAAAAAAAAAAAAAAAAAAAAAA,Dedo en resorte,osteomuscular,leve,false,false,true,true,true,5,7,false,false,false,,false,false,,,,,,,clinica
149393AAAAAAAAAAAAAAAAAAAAAAAAAAAAAA,Capsulitis adhesiva (hombro congelado),osteomuscular,moderado,false,false,false,true,true,4,8,false,true,false,,false,true,,,,,,,clinica
125154AAAAAAAAAAAAAAAAAAAAAAAAAAAAAA,Quiste de Baker,osteomuscular,leve,false,false,false,true,true,5,5,false,false,false,,false,false,,,,,,,clinica
117711AAAAAAAAAAAAAAAAAAAAAAAAAAAAAA,Hallux valgus (juanete),osteomuscular,leve,false,false,false,true,true,3,9,false,false,false,,true,true,,,,,,,clinica
120696AAAAAAAAAAAAAAAAAAAAAAAAAAAAAA,Síndrome patelofemoral,osteomuscular,leve,false,true,true,false,false,8,10,false,false,false,,false,true,,,,,,,clinica
120777AAAAAAAAAAAAAAAAAAAAAAAAAAAAAA,Radiculopatía cervical,osteomuscular,moderado,false,false,true,true,true,8,8,false,true,false,,false,true,,,,,,,clinica
126309AAAAAAAAAAAAAAAAAAAAAAAAAAAAAA,Fobia social,salud_mental,leve,false,true,true,false,false,5,7,false,false,false,,true,false,,,,,,,clinica
159269AAAAAAAAAAAAAAAAAAAAAAAAAAAAAA,Demencia vascular,neurologico,grave,false,false,false,false,true,8,8,false,true,true,,true,false,,,,,,,clinica
120655AAAAAAAAAAAAAAAAAAAAAAAAAAAAAA,Fatiga crónica,salud_mental,leve,false,true,true,true,true,10,12,true,false,false,,false,true,,,,,,,clinica
148989AAAAAAAAAAAAAAAAAAAAAAAAAAAAAA,Amenorrea,ginecoobstetrico,leve,false,true,true,false,false,0,12,true,false,false,,false,true,,,F,,,,clinica
129204AAAAAAAAAAAAAAAAAAAAAAAAAAAAAA,Síndrome premenstrual,ginecoobstetrico,leve,false,true,true,false,false,0,14,false,true,false,,false,true,,,F,,,,clinica
148174AAAAAAAAAAAAAAAAAAAAAAAAAAAAAA,Vaginitis atrófica,ginecoobstetrico,leve,false,false,false,true,true,0,8,false,true,false,,false,true,,,F,,,,clinica
133952AAAAAAAAAAAAAAAAAAAAAAAAAAAAAA,Obesidad mórbida,endocrino,moderado,false,false,true,true,true,6,8,false,false,true,,true,true,,alto,,,,,clinica
142455AAAAAAAAAAAAAAAAAAAAAAAAAAAAAA,Catarata diabética,diabetes,moderado,false,false,false,true,true,6,6,false,false,false,,true,false,,,,,,,clinica
142449AAAAAAAAAAAAAAAAAAAAAAAAAAAAAA,Gastroparesia diabética,diabetes,moderado,false,false,false,true,true,4,4,false,true,false,,true,false,,,,,,,clinica
117829AAAAAAAAAAAAAAAAAAAAAAAAAAAAAA,Herpes genital,infeccioso,leve,false,true,true,false,false,8,8,false,true,false,,false,true,,,,,,,clinica
120146AAAAAAAAAAAAAAAAAAAAAAAAAAAAAA,Condiloma acuminado,infeccioso,leve,false,true,true,false,false,8,8,false,false,false,,false,true,,,,,,,clinica
1212AAAAAAAAAAAAAAAAAAAAAAAAAAAAAAAA,Molusco contagioso,dermatologico,leve,true,true,false,false,false,8,6,false,false,false,,false,true,,,,,,,clinica
127331AAAAAAAAAAAAAAAAAAAAAAAAAAAAAA,Rosácea,dermatologico,leve,false,false,true,true,false,4,8,false,true,false,,true,true,,,,,,,clinica
149062AAAAAAAAAAAAAAAAAAAAAAAAAAAAAA,Alopecia areata,dermatologico,leve,false,true,true,false,false,5,5,false,false,false,,false,false,,,,,,,clinica
113034AAAAAAAAAAAAAAAAAAAAAAAAAAAAAA,Queratosis seborreica,dermatologico,leve,false,false,false,true,true,8,8,false,false,false,,true,true,,,,,,,clinica
133632AAAAAAAAAAAAAAAAAAAAAAAAAAAAAA,Dolor muscular,osteomuscular,leve,false,true,true,true,true,14,14,false,false,false,,false,true,,,,,,,clinica
116130AAAAAAAAAAAAAAAAAAAAAAAAAAAAAA,Malestar general,infeccioso,leve,true,true,true,true,true,12,12,false,false,false,,false,true,,,,,,,clinica
