nombre,genero
José,M
Juan,M
Carlos,M
Luis,M
Manuel,M
Francisco,M
Miguel,M
Ángel,M
Pedro,M
Jorge,M
Roberto,M
Fernando,M
Ricardo,M
Antonio,M
Rafael,M
Marco,M
Óscar,M
Julio,M
Mario,M
Héctor,M
Ramón,M
Alberto,M
Enrique,M
Sergio,M
Eduardo,M
Raúl,M
Guillermo,M
Alejandro,M
Andrés,M
Diego,M
David,M
Daniel,M
Gerardo,M
Rodrigo,M
Emilio,M
Ernesto,M
Gustavo,M
Salvador,M
Arturo,M
Efraín,M
Byron,M
Édgar,M
Freddy,M
Wilfredo,M
Marvin,M
Nelson,M
Otto,M
Rigoberto,M
Vinicio,M
Amílcar,M
Estuardo,M
Geovanny,M
Osmán,M
Elmer,M
Douglas,M
Cristian,M
Kevin,M
Bryan,M
Jefferson,M
Alexander,M
Wilmer,M
Denis,M
Josué,M
Isaí,M
Abelardo,M
Aníbal,M
Baltazar,M
Fidel,M
Gonzalo,M
Ignacio,M
Leonel,M
Mauricio,M
Orlando,M
Reinaldo,M
Rubén,M
Santiago,M
Tomás,M
Vicente,M
Aldo,M
Bernardo,M
Cornelio,M
María,F
Ana,F
Rosa,F
Carmen,F
Marta,F
Gloria,F
Patricia,F
Sandra,F
Claudia,F
Silvia,F
Verónica,F
Alejandra,F
Karla,F
Gabriela,F
Lorena,F
Wendy,F
Mayra,F
Yolanda,F
Blanca,F
Dora,F
Elsa,F
Estela,F
Flor,F
Irma,F
Julia,F
Leticia,F
Lucía,F
Magda,F
Norma,F
Olga,F
Reina,F
Sonia,F
Telma,F
Vilma,F
Xiomara,F
Zoila,F
Aracely,F
Brenda,F
Dina,F
Elba,F
Fabiola,F
Griselda,F
Heidy,F
Ingrid,F
Jackeline,F
Katherine,F
Lesbia,F
Mirna,F
Nidia,F
Odilia,F
Paola,F
Reyna,F
Sucel,F
Thelma,F
Ligia,F
Amparo,F
Beatriz,F
Concepción,F
Dolores,F
Esperanza,F
Fátima,F
Guadalupe,F
Isabel,F
Josefina,F
Manuela,F
Natalia,F
Ofelia,F
Pilar,F
Raquel,F
Susana,F
Teresa,F
Victoria,F
Yesenia,F
Alba,F
Adalberto,M
Adán,M
Agustín,M
Alexis,M
Alfonso,M
Alfredo,M
Álvaro,M
Anderson,M
Armando,M
Arnoldo,M
Balmore,M
Benjamín,M
Boris,M
Camilo,M
César,M
Cristóbal,M
Dagoberto,M
Darío,M
Domingo,M
Edwin,M
Eliseo,M
Emerson,M
Erick,M
Esteban,M
Eugenio,M
Ever,M
Ezequiel,M
Faustino,M
Felipe,M
Félix,M
Gabriel,M
Genaro,M
Germán,M
Gilberto,M
Gregorio,M
Herbert,M
Hernán,M
Hugo,M
Humberto,M
Isidro,M
Ismael,M
Iván,M
Jaime,M
Javier,M
Jeremías,M
Jesús,M
Joaquín,M
Joel,M
Jonathan,M
Lázaro,M
Leonardo,M
Lisandro,M
Marcelino,M
Marcos,M
Martín,M
Mateo,M
Maynor,M
Melvin,M
Milton,M
Moisés,M
Napoleón,M
Nicolás,M
Noé,M
Osvaldo,M
Ovidio,M
Pablo,M
Ramiro,M
René,M
Rolando,M
Romeo,M
Rosendo,M
Rutilio,M
Samuel,M
Saúl,M
Sebastián,M
Teodoro,M
Ulises,M
Valentín,M
Víctor,M
Walter,M
William,M
Wilson,M
Adela,F
Adriana,F
Alicia,F
Alma,F
Amalia,F
Andrea,F
Angélica,F
Antonia,F
Aurora,F
Azucena,F
Bárbara,F
Berta,F
Bessy,F
Candelaria,F
Carolina,F
Catalina,F
Cecilia,F
Celia,F
Cindy,F
Consuelo,F
Corina,F
Cristina,F
Daniela,F
Delmy,F
Deysi,F
Diana,F
Digna,F
Dinora,F
Elena,F
Elizabeth,F
Elvira,F
Emma,F
Erika,F
Ester,F
Eugenia,F
Eva,F
Evelyn,F
Fernanda,F
Francisca,F
Gladis,F
Graciela,F
Haydee,F
Hilda,F
Hortensia,F
Idalia,F
Imelda,F
Inés,F
Iris,F
Jenny,F
Jessica,F
Johana,F
Juana,F
Judith,F
Karina,F
Kenia,F
Krissia,F
Laura,F
Lidia,F
Lilian,F
Lissette,F
Lourdes,F
Luz,F
Magdalena,F
Marcela,F
Margarita,F
Maribel,F
Maricela,F
Marina,F
Marisol,F
Marlene,F
Mercedes,F
Milagro,F
Miriam,F
Mónica,F
Morena,F
Nancy,F
Nelly,F
Noemí,F
Nora,F
Paula,F
Priscila,F
Rebeca,F
Rocío,F
Rosario,F
Roxana,F
Ruth,F
Sara,F
Sofía,F
Tania,F
Tatiana,F
Valeria,F
Vanessa,F
Virginia,F
Yanira,F
Zulma,F
